0,Why measure too maybe,Question source serious wrong. Town deal movement out stay lot.,465.27,B
1,Parent do ten after,Few now four management.,145.17,A
2,Wall field impact,Clearly very dream role. Area along individual man tell response.,317.32,B
3,Special good along,Learn big sing after our car. Black near get himself simply make.,159.12,A
4,Particular level,Practice wide require fast support when. Son true their race special million.,461.87,C
5,Although hot he,Ground place what top always effort ago.,242.71,A
6,Project occur democratic behavior standard,Recognize information figure box international not type. Indeed between similar safe.,182.55,C
7,Social issue,Market ten foot. Bad audience grow ahead girl.,313.81,B
8,Store discover,Others century about probably. Security fall ready usually.,495.70,D
9,Teacher cost both,Candidate whom gun list fall. Player contain year bill ok choose today.,227.66,C
10,Source firm drug,Head production technology over hour.,32.70,A
11,Car federal,Opportunity fear great easy. Hard we around impact individual rock fly daughter.,48.92,D
12,Weight before control,Born painting child reflect up.,364.85,A
13,Should it easy,View central leg PM low data. Store last left.,314.63,C
14,Fear shoulder pick,Choose relationship likely question set discussion seven evidence. Building this American.,125.93,C
15,Huge three report,Second government the pull. Other along society figure future.,361.08,B
16,Teacher three seven attention team,Care mission decision black western myself scientist.,470.72,B
17,Factor head pick,Recent high opportunity cause.,123.18,D
18,Government line indeed,Reason five present art feel seat appear. Democratic green hospital year suffer without rather bank.,47.10,C
19,According American per yourself,Cell of course its respond.,449.65,D
