purchase_id,address,date,buyer_id,fulfillment_status
2,"9958 Camacho Ranch, East Justinview, MH 30463",2025-11-09 09:14:51+00:00,88,0
3,"249 Hunter Inlet, North Vanessa, ID 15152",2025-11-14 02:37:06+00:00,42,1
4,"8624 Kristen Cliff, New Charles, SD 11266",2025-11-16 08:41:21+00:00,39,0
5,"33643 Heather Streets Suite 794, New Carolfurt, CT 88564",2025-11-22 22:10:47+00:00,73,1
6,"66346 Jared Ports, West Wendy, OH 56798",2025-11-16 03:47:57+00:00,22,0
7,"065 Crosby Ports, Lake Kerri, FL 90130",2025-10-31 09:35:23+00:00,14,0
8,"75677 Matthew Glens Suite 895, New Ashleyfurt, TN 92827",2025-10-29 18:22:47+00:00,83,0
9,"6198 James Place, Jimenezberg, PR 24719",2025-10-26 04:38:04+00:00,64,1
10,"340 Miller Roads, Lake Mark, KY 48021",2025-11-14 14:49:06+00:00,3,0
11,"12401 Cody Road, Port Andrewchester, HI 64476",2025-11-06 03:01:30+00:00,90,0
12,"09179 Hernandez Roads Suite 113, Michaelmouth, FM 24253",2025-11-13 11:41:01+00:00,1,0
13,"20176 Paul Way, Silvaton, OK 63815",2025-11-17 00:40:30+00:00,24,0
14,"0835 Price Shores, Port David, AS 04835",2025-11-17 18:13:36+00:00,40,1
15,"4484 Aaron Summit Suite 662, West Jessica, FM 92171",2025-10-28 23:32:27+00:00,13,0
16,"831 Alexis Square Suite 640, Hollandshire, NH 18994",2025-11-06 00:37:09+00:00,72,0
17,"USNS Jones, FPO AP 55506",2025-11-14 06:34:15+00:00,10,1
18,"024 Wanda Village Apt. 763, Morganside, CA 75779",2025-10-31 07:02:36+00:00,90,0
19,"8885 Kimberly Estate, West Kimberlyland, MT 78146",2025-11-12 08:30:03+00:00,66,0
20,"USNS Knight, FPO AE 30889",2025-11-11 22:18:04+00:00,7,0
21,"335 Erica Shores, Courtneyshire, VA 94565",2025-10-31 08:28:22+00:00,43,0
22,"991 Page Rest, Port Aprilton, OR 69177",2025-10-30 15:03:41+00:00,79,0
23,"Unit 2044 Box 7020, DPO AE 32420",2025-11-09 02:01:24+00:00,97,0
25,"3397 Joseph Hollow, New Catherine, HI 56814",2025-11-10 19:10:31+00:00,87,0
26,"978 Brandon Fall Apt. 792, Wardview, TN 24318",2025-11-22 16:04:41+00:00,9,0
27,"610 David Via, Port Davidland, MA 42375",2025-11-11 10:38:51+00:00,18,0
28,"7627 Jennifer Turnpike Apt. 065, West Roger, AZ 23804",2025-10-26 12:49:09+00:00,38,0
29,"249 Navarro Streets, Gambleton, OH 13395",2025-10-24 14:06:08+00:00,80,0
30,"05856 Michele Island, Ryanville, OR 80084",2025-11-18 13:55:28+00:00,61,0
31,"50179 Sara Stream Apt. 277, West Zachary, AL 70043",2025-11-22 04:13:36+00:00,79,0
32,"8884 Barber Stravenue, Ryanland, AR 47367",2025-11-06 06:44:45+00:00,74,0
33,"5347 Avila Mountain, Tateview, MT 20926",2025-10-25 07:24:04+00:00,38,0
35,"3454 Rios Junctions, Hillborough, ND 97414",2025-11-04 01:03:46+00:00,58,0
36,"1141 John Neck, South Michael, NM 76188",2025-11-18 22:40:39+00:00,31,0
37,"9257 Trujillo Heights Apt. 432, Lake Ericaside, OH 28515",2025-11-15 15:33:57+00:00,72,0
38,"53653 Edward Harbor, East Diamondstad, NV 05357",2025-10-24 23:21:53+00:00,53,1
39,"680 Austin Loop Suite 226, Connieton, ND 31035",2025-11-01 21:55:30+00:00,80,0
40,"140 Rodgers Shoals, Olsenside, MI 68045",2025-11-23 08:50:50+00:00,96,0
41,"9401 Mcgee Garden, Coleberg, ID 57305",2025-10-24 06:48:41+00:00,35,1
42,"Unit 3010 Box 4564, DPO AA 97145",2025-11-11 08:55:47+00:00,43,0
43,"129 Mike Manors, Gregoryhaven, IL 56882",2025-11-09 18:37:19+00:00,79,0
44,"07750 West Knoll Apt. 984, Carsonview, FL 62988",2025-10-25 06:41:46+00:00,85,0
46,"0121 Jason Terrace Apt. 534, Maryberg, MN 68275",2025-11-15 18:02:14+00:00,72,1
47,"1595 Sarah Inlet Apt. 219, South Sarah, DC 51958",2025-11-04 16:35:21+00:00,28,1
48,"87175 Robert Ford Suite 268, Juanstad, NC 16894",2025-11-23 21:18:10+00:00,73,1
49,"PSC 3513, Box 0573, APO AA 34841",2025-11-03 08:48:38+00:00,47,0
51,"10866 Phillips Divide Apt. 784, East Theodoreville, NY 46566",2025-10-25 18:15:44+00:00,79,0
52,"3088 Danielle Radial, Jasminemouth, FM 83159",2025-11-21 11:32:59+00:00,76,1
53,"9134 Carroll Square Suite 612, South Alecmouth, NH 97913",2025-11-03 09:30:23+00:00,23,1
54,"90164 Derrick Forks Apt. 099, Murphyfurt, WI 90401",2025-11-18 11:48:09+00:00,65,0
55,"57577 Shelby Forges Apt. 043, Reidland, MD 09526",2025-11-12 23:29:50+00:00,15,0
56,"027 Campbell Key, Muellerchester, VA 44964",2025-11-08 11:50:36+00:00,33,0
58,"3644 Thompson Camp Suite 386, Ramirezberg, MI 07181",2025-10-25 09:26:34+00:00,9,0
59,"0852 Morris Harbor Suite 490, North Ronaldfort, MH 58544",2025-11-23 04:46:01+00:00,79,0
60,"67357 Page Streets Apt. 784, Byrdberg, AK 71095",2025-11-01 05:21:43+00:00,49,0
61,"PSC 2298, Box 9849, APO AP 07420",2025-11-14 01:41:42+00:00,43,0
62,"4604 Richard Mews, Chloestad, FL 84224",2025-10-28 04:37:16+00:00,45,0
63,"9162 Robertson Ridge Suite 169, Davidmouth, NJ 01310",2025-11-21 05:49:27+00:00,18,1
64,"022 Sharon Mill Apt. 683, Port Pennyborough, VT 09813",2025-11-22 16:40:09+00:00,91,0
66,"16041 Berg Valleys, Arianaport, AS 46633",2025-11-15 11:41:04+00:00,6,0
67,"65348 Charles Ferry, Port Christopherbury, OK 62412",2025-11-12 02:47:40+00:00,92,0
68,"066 Adam Center Suite 501, Port Andrew, HI 39887",2025-11-12 05:49:35+00:00,29,0
69,"3772 Elizabeth Corner Suite 522, Danielmouth, WV 51399",2025-11-20 15:52:09+00:00,17,0
70,"8546 Moore Common Apt. 559, East Bobbyfurt, HI 55947",2025-11-22 18:19:13+00:00,85,0
71,"61724 Joseph Forges, North Anthony, IA 93136",2025-11-03 05:36:37+00:00,51,1
72,"Unit 3929 Box 7303, DPO AA 41200",2025-10-29 03:32:57+00:00,3,1
73,"57606 Robert Circles Suite 410, Port Arthurland, AZ 38256",2025-11-02 21:34:36+00:00,69,1
74,"9350 Chen Villages, Porterborough, VA 45255",2025-11-14 20:08:33+00:00,51,0
75,"8125 Rivera Burgs Apt. 817, New Davidberg, AL 53950",2025-11-20 14:33:46+00:00,21,0
76,"62346 Brianna Forest, Beltranville, OK 95341",2025-11-08 21:06:14+00:00,60,1
77,"5239 Miller Neck Suite 503, North Colleenland, CA 31620",2025-10-25 10:21:56+00:00,53,1
78,"8432 Patricia Springs, South Marilynchester, IL 70916",2025-11-22 20:35:21+00:00,77,0
79,"246 Scott Passage Apt. 234, West Rebekah, NH 74152",2025-11-15 05:49:01+00:00,51,1
80,"648 Wright Summit Suite 465, East Margaret, VT 67543",2025-11-21 05:31:13+00:00,58,1
84,"642 Michelle Estate, West Michaelburgh, PW 90993",2025-11-19 09:51:48+00:00,53,0
85,"67413 Kennedy Circle, Jimenezland, AR 28592",2025-10-26 08:35:54+00:00,57,0
86,"191 Curtis Rue, New Rachelside, RI 49905",2025-11-15 05:31:46+00:00,69,1
87,"11793 Brown Trail Apt. 773, Houstonton, IA 83592",2025-11-07 21:05:52+00:00,71,0
88,"6489 Jones Fall, Lake Laura, VA 71169",2025-11-12 16:49:07+00:00,94,0
89,"3591 Richards Turnpike Apt. 199, Chandlerberg, VT 76380",2025-11-04 07:13:51+00:00,29,0
90,"9299 Kimberly Squares, South Dustinchester, RI 79949",2025-11-15 03:53:42+00:00,84,0
92,"8447 Ethan Oval, Washingtonfurt, MA 47819",2025-10-31 00:42:45+00:00,12,1
94,"0017 Priscilla Vista, South Franklinchester, CO 65633",2025-10-25 15:22:47+00:00,60,0
95,"USNV Rojas, FPO AE 53555",2025-11-01 15:33:28+00:00,82,0
96,"PSC 2684, Box 6111, APO AP 91159",2025-11-23 10:05:02+00:00,54,0
97,"920 Kevin Points Suite 252, Port Meghanberg, LA 51800",2025-10-25 08:04:09+00:00,53,0
98,"8718 Anthony Plain Suite 257, Rasmussenchester, SD 88363",2025-11-13 22:21:36+00:00,46,0
99,"5629 Bryant Path Apt. 739, West Katie, CA 43800",2025-11-04 13:05:09+00:00,41,0
100,"427 Fowler Course Apt. 973, East Catherinebury, WI 23780",2025-11-17 10:48:27+00:00,71,0
101,"50349 Amy Greens Suite 569, West Samuel, GA 05213",2025-10-25 08:10:32+00:00,97,1
102,"21444 Kim Cove, North Curtisville, WA 36867",2025-11-20 06:27:54+00:00,14,0
103,"58256 Wood Island Suite 927, West Jamieland, OR 12244",2025-11-19 10:17:58+00:00,90,0
104,"125 Molly Wells Apt. 512, South Johnstad, KY 98367",2025-11-10 07:31:05+00:00,73,0
105,"63163 Kimberly Tunnel, Sarabury, IA 11114",2025-11-07 01:44:35+00:00,98,0
106,"536 Joseph Mountains, Robertland, TX 50328",2025-11-24 02:44:40+00:00,99,1
107,"USNS Smith, FPO AP 54303",2025-11-02 17:06:51+00:00,11,1
108,"3497 Robert Streets Apt. 662, Randymouth, LA 56967",2025-10-27 12:02:00+00:00,31,0
111,"52959 Todd Well, Benjaminstad, SD 23075",2025-10-25 14:30:50+00:00,73,1
112,"721 Todd Ports, Lake Christophermouth, NE 07606",2025-10-25 19:21:00+00:00,78,0
113,"12237 Dawn Plains, Angelicatown, MN 39205",2025-10-26 23:07:35+00:00,51,0
114,"4301 Joseph Junction, Alvarezside, OR 39014",2025-11-13 02:29:45+00:00,5,1
115,"Unit 7437 Box 0502, DPO AP 78025",2025-10-31 10:17:10+00:00,97,0
116,"USCGC Lynch, FPO AP 69141",2025-10-30 18:25:13+00:00,81,0
117,"3179 Stewart Spur Suite 636, East Deborah, SD 10808",2025-10-30 07:32:26+00:00,60,0
118,"43371 Joshua Highway, East Kimberly, GU 88362",2025-10-24 16:52:02+00:00,88,0
119,"Unit 9353 Box 6282, DPO AA 75491",2025-11-11 18:49:45+00:00,65,0
121,"717 Rebecca Hollow, Martinezmouth, PR 76971",2025-10-30 05:18:19+00:00,8,1
122,"USCGC Watson, FPO AP 58652",2025-11-21 18:42:04+00:00,44,0
123,"98824 Hernandez Roads, Lisaport, MP 84665",2025-11-17 03:58:02+00:00,67,0
124,"898 Megan Place Suite 940, Lake Emilystad, GA 76530",2025-11-15 08:25:48+00:00,81,0
126,"68569 Gregory Loaf Suite 814, Lake Williamside, VT 36064",2025-10-28 16:12:59+00:00,59,1
127,"05721 Cole Cove Apt. 888, Thomasbury, VA 61053",2025-11-10 13:05:05+00:00,7,0
128,"3051 Charlene Shores Suite 021, Jensenview, MP 24153",2025-10-27 03:32:00+00:00,40,0
129,"5518 Turner Extensions, East Daniel, IL 10359",2025-11-17 06:03:58+00:00,66,0
132,"204 Robert Loop Suite 555, Raymondborough, IN 39701",2025-11-19 18:22:57+00:00,75,0
133,"02720 Collins Ways Suite 016, Port Abigailtown, GA 55027",2025-11-15 23:46:55+00:00,69,0
134,"830 Martinez Island Suite 187, North Katherinetown, NC 81631",2025-10-24 20:30:34+00:00,41,0
136,"4801 Boyle Plain, South Jonathan, NC 82002",2025-11-15 08:17:42+00:00,93,0
137,"55978 Beth Rapid, Dicksonshire, PA 10676",2025-11-15 11:00:47+00:00,59,0
138,"65432 David Harbor, Jeremytown, VA 22394",2025-11-13 08:56:59+00:00,15,0
139,"665 Nguyen Ford, New Ryan, TN 53351",2025-11-12 00:10:43+00:00,66,0
140,"12234 Mark Corners Suite 224, South Sarah, RI 75271",2025-11-07 22:54:10+00:00,27,0
141,"282 Evans Ridge Apt. 013, Port Cory, DC 73779",2025-10-31 21:04:41+00:00,2,0
142,"7097 Kim Manors Suite 766, Jenniferstad, SC 74778",2025-10-30 18:59:20+00:00,67,1
143,"62060 Palmer Parks Suite 919, Michealview, WA 22150",2025-10-31 00:27:05+00:00,95,0
144,"8912 Green Falls Apt. 916, Vasquezshire, RI 53397",2025-10-30 10:50:27+00:00,12,0
145,"2914 Ramirez Estate, Port Kimberlyshire, CA 66140",2025-11-11 14:47:48+00:00,8,0
146,"3937 Williams Knoll Suite 581, Phillipsberg, AZ 69270",2025-10-31 21:08:25+00:00,36,1
147,"1476 Harding Tunnel Suite 190, Port Kimberlyberg, VI 72984",2025-11-14 21:12:02+00:00,94,0
149,"3877 Christopher Shoals, Davidberg, ID 41506",2025-11-12 06:24:49+00:00,88,0
151,"463 Williams Bridge Suite 893, East Kyleport, GU 12568",2025-11-12 00:44:01+00:00,92,0
152,"521 Howard Summit, Torresport, PW 05543",2025-11-05 05:40:54+00:00,42,0
153,"167 Lamb Mission, New Alexandria, MT 95729",2025-11-16 07:04:45+00:00,90,0
154,"75888 Roberts Spur Suite 449, West Justinside, MI 24886",2025-11-05 03:10:29+00:00,86,1
155,"565 Stewart Centers, Mirandafort, RI 85385",2025-11-19 10:22:16+00:00,93,1
156,"39193 Ryan Brook, East Reneeshire, RI 58353",2025-11-12 17:20:57+00:00,69,1
157,"6728 Walker Square, Jenniferside, RI 61611",2025-11-14 14:48:35+00:00,22,0
158,"USNS Terry, FPO AA 40440",2025-10-31 12:31:14+00:00,76,0
159,"USCGC Cox, FPO AE 22007",2025-11-10 02:45:38+00:00,32,0
160,"5039 George Burgs Suite 703, North Jerry, TN 61575",2025-11-10 09:45:23+00:00,65,0
161,"8909 Maria Glens, Johnsonport, OH 81907",2025-11-13 00:16:36+00:00,97,1
163,"925 Bryan Mission, Wheelerton, CA 52777",2025-11-12 01:19:00+00:00,50,1
166,"1741 Jocelyn Locks, North Maureenchester, NJ 40757",2025-11-10 01:19:42+00:00,13,0
167,"774 Jeffrey Pine, East Rebecca, NY 27493",2025-10-28 05:17:09+00:00,86,0
168,"1194 Castro Underpass Apt. 127, South Courtneyfort, OK 64995",2025-11-07 19:47:30+00:00,84,0
169,"4631 Jefferson Fort, Ericaville, WI 57604",2025-11-12 21:34:57+00:00,6,0
170,"329 Wilson Tunnel Suite 991, Lake Hayden, MP 16352",2025-11-06 03:11:26+00:00,72,0
171,"4109 Henry Roads Apt. 409, Websterport, VT 85461",2025-11-02 04:01:21+00:00,61,1
173,"5661 Debra Path, East Amy, MO 32695",2025-11-01 17:37:30+00:00,81,0
174,"27858 Tanya Corners Suite 609, Lake Gregory, TN 96979",2025-11-09 18:35:02+00:00,32,0
175,"849 Williams Forest Apt. 086, Lisaberg, UT 56569",2025-11-22 16:26:35+00:00,60,0
177,"98879 Rodriguez Isle, New Andrewshire, MS 79041",2025-10-26 09:31:11+00:00,63,0
178,"28479 Harper Falls Apt. 091, Bradleyton, NC 88538",2025-11-17 11:13:13+00:00,62,0
179,"397 Victor Groves Suite 064, Carrieside, MT 48589",2025-10-30 22:50:24+00:00,41,0
180,"36441 Andrea Bridge, Lake Breannaborough, ND 92941",2025-10-28 18:15:11+00:00,25,0
181,"49273 Daniel Locks, Port Jennaburgh, MA 77186",2025-11-02 23:51:25+00:00,60,1
182,"8107 Perry Squares, Hernandezland, VI 51841",2025-11-18 11:22:22+00:00,63,1
183,"484 Yoder Way Apt. 915, Walkertown, IN 16842",2025-11-12 05:24:28+00:00,63,0
184,"982 Medina Junctions, Port Erinstad, AZ 98824",2025-10-26 17:17:52+00:00,53,0
185,"91250 Hess Junctions, West Mary, PA 67567",2025-11-12 15:46:06+00:00,48,0
186,"880 Martinez Loop Apt. 524, Port Jenniferton, AS 16414",2025-11-18 13:13:49+00:00,90,1
187,"9116 Lisa Radial, North Michaelmouth, WY 89461",2025-11-15 01:38:33+00:00,44,1
188,"119 Martin Meadows, Port Gregory, VA 58426",2025-11-11 21:37:49+00:00,66,0
189,"513 Angel Alley Suite 424, Lake Angelatown, AS 63194",2025-11-19 11:42:59+00:00,23,1
190,"8782 Mosley Plaza, New Toddstad, GA 27291",2025-10-26 18:08:40+00:00,32,0
191,"PSC 1584, Box 9237, APO AE 68545",2025-11-04 09:32:32+00:00,48,0
192,"8689 Amanda Shores Apt. 524, Luceroburgh, VI 35197",2025-11-22 10:20:56+00:00,31,0
194,"9424 Montgomery Common Apt. 852, New Zacharyville, AR 10253",2025-11-13 02:06:06+00:00,78,0
195,"576 Webster Shores, Millershire, OR 29857",2025-11-12 04:47:24+00:00,35,0
196,"669 Kevin Canyon Apt. 248, South Monica, NY 32922",2025-11-14 11:15:46+00:00,50,0
197,"469 Thomas Village Suite 327, Knightmouth, WY 53180",2025-11-11 08:53:41+00:00,38,0
198,"450 Butler Flat, New Christinahaven, ME 77327",2025-11-13 17:09:10+00:00,5,0
201,"742 Gonzalez Ports Apt. 785, Brandonhaven, ND 49828",2025-11-16 14:58:11+00:00,34,1
202,"5137 Marcus Centers Suite 136, New Alexisstad, MH 24593",2025-11-16 08:52:32+00:00,24,1
203,"91214 Bowman Unions, West Erinmouth, MI 09690",2025-11-09 03:41:39+00:00,57,1
204,"2356 Nelson Expressway, Lake Jacobland, WY 18410",2025-11-04 15:18:21+00:00,38,0
207,"782 Ashley Trafficway, South Carolyn, TX 36306",2025-10-28 09:57:11+00:00,5,0
208,"412 Steven Pass Apt. 552, Matthewton, CT 68581",2025-11-17 12:06:00+00:00,41,0
209,"36773 Paul Rest Apt. 662, West Briannachester, ID 87893",2025-10-25 02:21:47+00:00,18,0
210,"57173 Roberts Orchard, Erinfort, MI 09664",2025-11-03 07:12:27+00:00,69,0
212,"Unit 2734 Box 1810, DPO AA 95291",2025-11-16 15:32:55+00:00,47,0
213,"7265 Sanders Cliff Suite 100, Ronaldview, KY 86050",2025-11-05 02:32:45+00:00,23,0
214,"28565 Rodriguez Stream Suite 050, Port Toddside, FL 40679",2025-11-23 18:19:11+00:00,70,0
215,"8617 Edward Fords Apt. 941, North Kevin, MP 04793",2025-11-10 21:06:19+00:00,7,0
216,"314 Sanders Orchard Suite 554, East Kevin, NC 92358",2025-11-19 19:44:10+00:00,94,1
217,"971 Garcia Branch, West Kevin, OH 09031",2025-10-26 11:04:53+00:00,45,0
218,"80048 Johnson Mountain Apt. 079, Kaylachester, AR 40928",2025-11-09 11:06:33+00:00,11,0
219,"99585 Sawyer Summit Suite 641, East Tamishire, KY 62409",2025-10-26 16:45:28+00:00,77,1
220,"745 Laura Stream Apt. 267, Yolandaton, MO 55793",2025-10-25 23:23:19+00:00,70,0
221,"8132 Stone Unions, Port Kenneth, WY 10346",2025-11-18 08:43:10+00:00,61,1
222,"73435 Cox Ports, Briannaport, NM 70065",2025-11-06 19:43:52+00:00,52,1
223,"376 Brown Points Apt. 117, South Kathyview, MO 95689",2025-11-20 16:01:25+00:00,46,0
224,"417 Cole Street, North Heatherfurt, VI 78998",2025-10-24 11:03:04+00:00,44,1
225,"406 Veronica Ports, East Brandonmouth, WI 37874",2025-11-06 03:45:20+00:00,85,0
226,"Unit 1385 Box 0261, DPO AA 26806",2025-11-06 16:22:25+00:00,98,1
227,"728 Jones Mountain Suite 172, Sharonberg, AS 29122",2025-11-16 14:48:45+00:00,71,1
228,"USS Wood, FPO AA 22859",2025-11-18 15:53:49+00:00,3,0
231,"92904 George Tunnel, Denisemouth, MT 35016",2025-11-21 09:49:05+00:00,8,0
232,"14109 Julie Crossing, Shellyside, KS 90276",2025-11-16 14:23:04+00:00,33,0
233,"91807 Kristen Pass, Lake Heatherstad, GA 67949",2025-11-10 06:02:47+00:00,20,0
234,"8549 James Trace Suite 160, Danielfort, MS 68334",2025-10-26 07:32:28+00:00,32,0
236,"12974 Brian Island Suite 032, North Catherinemouth, UT 04535",2025-10-24 23:40:16+00:00,74,0
239,"02770 Blackwell Oval, Hartmanville, NC 35304",2025-11-09 02:01:27+00:00,48,0
240,"617 Theresa Isle Apt. 894, Kristyport, DC 46219",2025-11-18 14:59:41+00:00,55,0
241,"7256 Thomas Forks, Amberton, MD 28737",2025-11-08 17:44:59+00:00,74,0
242,"27275 Ronald Circles Apt. 291, Port Andreville, WY 71346",2025-11-10 10:42:24+00:00,37,0
243,"28828 Joseph Turnpike Suite 777, Baileyhaven, MA 92807",2025-11-18 17:30:56+00:00,63,0
244,"7993 Christopher Flats Apt. 041, New Russellport, AL 38891",2025-11-09 09:25:56+00:00,20,0
246,"PSC 0377, Box 6444, APO AE 16235",2025-11-04 17:43:51+00:00,84,1
248,"41699 Rivera Course, New Sharon, WI 70722",2025-10-27 13:49:04+00:00,51,0
249,"5153 Smith Stravenue, Hullville, WV 57644",2025-11-02 08:07:21+00:00,65,0
250,"160 Hudson Stream, Patrickport, MI 26780",2025-11-18 13:59:15+00:00,16,1
251,"87641 Cory Cove, South Malloryport, MH 69974",2025-11-12 21:52:12+00:00,42,0
252,"458 Crawford Harbors, Hernandezbury, NV 75201",2025-10-26 23:36:54+00:00,95,1
253,"502 Jillian Crossroad Apt. 293, North Jefferyberg, VI 29693",2025-11-06 18:15:51+00:00,45,0
255,"39086 Wilson Cliff, Goodmanton, NM 52309",2025-10-28 11:13:08+00:00,80,1
256,"76496 Tina Corner Suite 694, South Mark, OR 64655",2025-11-13 18:05:14+00:00,50,0
257,"861 Alan Wall Suite 962, Williamsbury, NH 76548",2025-11-23 22:02:42+00:00,78,0
260,"6779 Nathan Fort, Bellbury, MN 86345",2025-11-17 05:17:38+00:00,68,0
261,"70433 Matthew Pines, Phillipsberg, MA 95044",2025-11-20 14:41:19+00:00,63,0
262,"51430 Anthony Circles, East Zacharychester, MS 77322",2025-11-12 16:54:09+00:00,50,1
263,"23932 Philip Glens Suite 615, Woodstad, CT 40899",2025-10-26 07:28:57+00:00,88,1
264,"917 Bradley Corners Apt. 705, Sabrinachester, AL 25878",2025-11-07 20:55:41+00:00,34,1
266,"66937 Lee Mews Suite 000, Port Antonio, AL 43567",2025-11-07 19:13:35+00:00,6,0
267,"054 Garcia Wall Suite 681, Rebeccaside, VI 50803",2025-11-05 18:36:27+00:00,60,1
268,"01980 Melissa Prairie Suite 831, North Amanda, CO 89734",2025-11-10 21:09:39+00:00,96,1
269,"45789 Snow Extensions, Port John, KY 32587",2025-10-29 23:33:53+00:00,41,0
271,"03785 Ross Wells, New Josephton, AR 43850",2025-11-04 14:04:40+00:00,94,0
272,"84502 Jacob Wells Suite 194, South Juanshire, AK 32942",2025-11-22 05:09:34+00:00,42,0
273,"46604 Emily Corners, South Leslie, AL 70137",2025-11-13 23:19:59+00:00,98,1
274,"812 Kirk Grove, New Scott, MI 01083",2025-11-01 09:37:39+00:00,87,0
275,"379 Olsen Harbor, New Sherry, CT 54434",2025-11-23 08:11:30+00:00,25,1
276,"38971 Holt Drive, East Stacy, AS 08030",2025-11-06 01:44:40+00:00,37,1
277,"114 Steve Manors Suite 609, East Cory, IL 52153",2025-10-27 07:44:42+00:00,89,0
278,"98983 Charlene Parks, South Michael, AK 02339",2025-11-01 01:43:50+00:00,52,0
279,"438 Duffy Alley Apt. 666, Jordanchester, ND 80092",2025-11-19 16:24:14+00:00,88,0
280,"06519 Nguyen Tunnel, Debraberg, NC 94281",2025-11-07 23:14:08+00:00,67,1
281,"Unit 2996 Box 6729, DPO AE 66691",2025-11-14 03:44:49+00:00,22,0
283,"07089 Christian Inlet, Jonathanbury, LA 71412",2025-11-09 12:02:27+00:00,39,0
284,"91676 Leslie Meadows Suite 289, Fitzgeraldmouth, AS 47223",2025-11-08 07:55:18+00:00,29,0
286,"917 Melinda Square Apt. 463, West John, ND 14774",2025-10-30 13:45:59+00:00,38,0
287,"38176 Wyatt Mall, East Lanceton, NJ 05352",2025-11-03 23:41:10+00:00,90,0
288,"3800 Angela Squares Suite 521, Jamesland, TN 99930",2025-11-07 21:35:44+00:00,48,1
289,"5731 Knight Summit, Debraton, NY 74850",2025-10-29 09:11:52+00:00,53,0
290,"95479 Shawn Loaf, East Williammouth, NE 49141",2025-11-08 17:30:55+00:00,46,0
291,"600 Chad Trail Apt. 117, Port Anthony, LA 79784",2025-10-25 18:56:16+00:00,28,1
292,"328 Thompson Ford Apt. 143, Michellemouth, VI 90217",2025-11-04 09:28:39+00:00,57,0
293,"59373 Davis Streets Suite 620, Port James, OH 29125",2025-11-05 14:14:03+00:00,32,1
295,"05997 Franklin Dam, Lake Shannonborough, SD 23509",2025-11-15 11:29:07+00:00,49,1
296,"5792 Mario Lakes Suite 160, Brooksshire, IL 69574",2025-10-27 03:38:21+00:00,51,1
298,"77237 Jones Parkway, East Kimberly, GU 35417",2025-10-24 10:30:31+00:00,77,0
299,"Unit 8951 Box 3001, DPO AE 35144",2025-11-11 17:26:15+00:00,69,0
300,"2937 Rogers Union Suite 663, Anthonyburgh, PR 90681",2025-11-09 02:13:13+00:00,38,1
