id,firstname,lastname,email,password,address,balance,bio
1,Jennifer,Castro,millskimberly@gmail.com,pbkdf2:sha256:600000$gEJ5hm2YcwWtbkht$70c8dbbe6504c463d0cd3e7035a85cca91d6fc5df58dfdc280e47faecc455b7d,"215 Joy Islands, West Beth, CA 11791",813.92,I love Chat-GPT but I like cats more
2,Jerry,Fleming,beckalice@hotmail.com,pbkdf2:sha256:600000$lTM34qz4SsHyr6VB$5c3928893c7748d3946c6df5b7d1e5dc3a73bd12297901933775f8bed2fde596,"9597 Hall Parkway Apt. 655, East Autumnfort, DE 48734",742.73,I love Chat-GPT but I like cats more
3,David,Johnson,rdominguez@hotmail.com,pbkdf2:sha256:600000$OCycfraxS3pmS7rb$1796ef3f113dc686085463ee0fb185833c8740dded038ab2bae6fa6f8bd2ef15,"799 Cheryl Island, Tiffanyshire, WI 82880",873.64,Cat collector extraordinaire
4,Jenna,Richardson,jenniferdavis@yahoo.com,pbkdf2:sha256:600000$nO3GjdFb88rCMA9w$f678b08f967532140b9412bca71b09f3043e9a50c7e8a8aac06722458517ebc0,"356 Simon Cape Apt. 392, Millerhaven, LA 90761",54.45,Above average cat enjoyer
5,Ernest,Nunez,santanajimmy@gmail.com,pbkdf2:sha256:600000$vlJUgogqFB1cnRkd$f239cc5f3e43166dd7a4257f738e2a2f66cf617936feff4b39e81797167dc0f4,"96299 Joshua Estate Apt. 932, East Jonathan, WY 40279",892.55,Dedicated to finding the perfect cat for every occasion
6,Denise,Miller,joylowe@yahoo.com,pbkdf2:sha256:600000$JlJBthI1QXhrdQN9$cbe6ea1a8af23df46c1784eecbe0886d2a37891d35fa5d165f8201bfcc517dff,"532 Stewart Mills, Lake Dana, KY 89011",983.19,Dedicated to finding the perfect cat for every occasion
7,Katherine,Gomez,marissa66@hotmail.com,pbkdf2:sha256:600000$TadZPo6NNDMd4Xyx$dab42dcc320e84036cf8587e9c214e2b764e2c100c78eabbbf6d24a740e1857e,"049 Black Ports, Clarkborough, MO 11999",614.99,"Part-time cat whisperer, full-time cat admirer"
8,Barbara,Nunez,pburke@yahoo.com,pbkdf2:sha256:600000$V1JYaxPa6upC78qs$55c27dc229a104eeba42341eb96cab99aae71de5da8a265784cf3e20c8f2e8e2,"5303 Lewis Springs, Port Adrian, IA 59973",438.12,"Part-time cat whisperer, full-time cat admirer"
9,Donald,Banks,serranomitchell@hotmail.com,pbkdf2:sha256:600000$4FcvvlgKiHggSPS2$624f3e64381161970448852b8f93c6cc75fbce7e77af8d07b9fee5ab7a3541cf,"3074 Zachary Roads, Jocelynberg, DE 67069",899.08,Cat collector extraordinaire
10,Nathaniel,Ward,joyce12@gmail.com,pbkdf2:sha256:600000$iz0SPokLLgHgm7hW$a1a3e0b6182b14512219150e7747472776e7033cd23e14e087e8fa2dffe479c5,"PSC 8620, Box 4791, APO AP 48561",374.98,I love Chat-GPT but I like cats more
11,Danielle,Williams,carlosramirez@yahoo.com,pbkdf2:sha256:600000$z3qn0E9znpAg7pXr$c668a8cc36b3ae58f16ae12d89dd3b1ff951ecd843e99ad88bd06969a9b07054,"601 Maria Mission Apt. 554, Myerstown, LA 86078",89.67,Above average cat enjoyer
12,Ann,Le,joel44@gmail.com,pbkdf2:sha256:600000$y1wSKXEcupGpbnC6$0805c41a14b96cb5b7269a7c56e3945bd7da2477f792486ce8c48dad2263099a,"7048 Mcdonald Ville, East Mary, KY 14522",995.51,I love Chat-GPT but I like cats more
13,Craig,Beard,markchan@gmail.com,pbkdf2:sha256:600000$6Ku8b4HUceNrLZIc$cf0db03ba2b6ae65164fca9664444751971e13b11b315a85513bf217beaa30ed,"772 Patterson Mews Suite 591, New Laurenberg, CT 02539",91.25,Above average cat enjoyer
14,David,Walsh,nicholascaldwell@yahoo.com,pbkdf2:sha256:600000$jltJWq8fTvxLpoeB$eec7fbdc785b41114d690605c5e13d3318c9d799cd25c2686615cad7ad73989a,"0101 Hardy Inlet Apt. 841, New Christinaton, IA 15084",854.51,"Part-time cat whisperer, full-time cat admirer"
15,Carol,Scott,justinpalmer@yahoo.com,pbkdf2:sha256:600000$dOdgZIpDw67jKnmw$8ee1b2914b72cc9b2de10e1a1eec91ce43a1225407ee1a424a4d98c652ba6343,"454 Jacob Forges Suite 505, Howellport, TX 32901",513.07,I love Chat-GPT but I like cats more
16,Julia,DVM,naustin@gmail.com,pbkdf2:sha256:600000$OgRfysxZAZnH7dV0$7879a65e14a519f982c6a10f66e343ee3fff1f0565ff6a0fe89e317ef0997925,"503 Decker Way Suite 784, North Christopherfurt, SD 54569",816.69,Above average cat enjoyer
17,Michael,Bowman,michaelcoleman@yahoo.com,pbkdf2:sha256:600000$PwxULMgBAcSB72R5$adddc231d5fb3028618f3ae9b8e849d519210c716fb8334781eff0b2d7a390a2,"3609 Moore View, Wileyville, HI 79661",901.13,Professional feline enthusiast
18,Wanda,Smith,kathleen10@hotmail.com,pbkdf2:sha256:600000$99NgBnutR8TTKB7J$70f7a4355e5324764bd27e2374e11f53a3d7081e936948b7e6b7c60eae4e67bb,"4836 Rodney Canyon, West Adrianport, AR 00654",20.20,Above average cat enjoyer
19,Brittney,Wheeler,ambertaylor@yahoo.com,pbkdf2:sha256:600000$Diko0LSC2e6pegkn$49b123a262e15edf4928d2323c65aba46c33705407268e525086f376f6a6faca,"80831 Kemp Pines, Annashire, ND 51932",823.59,I love Chat-GPT but I like cats more
20,Michael,Hernandez,monicajackson@hotmail.com,pbkdf2:sha256:600000$npfSl2TZPxxTaNdN$047713edab5a339e904a096e36ebb8d3625251ae9ce78243bbbb50790c98ed22,"18724 Lopez Crescent Apt. 561, Kimfurt, OH 47282",312.09,"Part-time cat whisperer, full-time cat admirer"
21,Crystal,Johnson,russelllisa@hotmail.com,pbkdf2:sha256:600000$4fSF3snqC9f5m5tn$b8d8a5b9037d2cfe3aef639b9eb542f2483571fa08601ad3dec85067c7a669a3,"252 Young Plaza, North Dawn, WV 25335",870.31,I love Chat-GPT but I like cats more
22,Matthew,Watkins,rmartin@yahoo.com,pbkdf2:sha256:600000$PUnrrfNMe7dAkVcU$20e7751784b6b37c2753c428c7315ee8639c6078f6346831e5dda477843927fd,"Unit 3412 Box 9042, DPO AE 20715",128.39,"Part-time cat whisperer, full-time cat admirer"
23,David,Orr,sanfordrobert@gmail.com,pbkdf2:sha256:600000$6HrDdyhSvPvWZpEg$30414669d2bac35f586b5a486b1326718d73e8adc3a0e92b57113afd7cd8bd6b,"76858 Warren Point, Laneshire, WV 03776",942.29,"Part-time cat whisperer, full-time cat admirer"
24,Jeffrey,Robinson,parkerdavid@gmail.com,pbkdf2:sha256:600000$llrvCesW1S0Vdxph$b0bbe5ac4ed355ea22b1cee1c4b3da6f05d2b38e90f09296a4c5a598a3cf3231,"00771 Donald Mountain Apt. 941, Michaelberg, FM 61831",531.22,Professional feline enthusiast
25,Brian,Garcia,kathleenfuller@gmail.com,pbkdf2:sha256:600000$kySMgvZQEWAg5Kcw$50b8ae732938a006e5be856a509b99ac9a9e25a131977176eae89c5704a17b74,"5547 Sanchez Mountain, Lake Matthew, IN 65672",277.72,Professional feline enthusiast
26,Laurie,Wallace,christophermills@yahoo.com,pbkdf2:sha256:600000$IXbmzFzKsNNHvoAW$eb8b525830e9fbf08757619874f30690c1cff07a1ff9a0732cb5a8d89d1f83f8,"167 Alvarado Squares Apt. 012, Port Richardville, LA 11227",908.71,"Part-time cat whisperer, full-time cat admirer"
27,Nicole,Turner,michaelporter@gmail.com,pbkdf2:sha256:600000$5n39f66ilm8cD30s$3da7cdbb8de87bbf97e367fe40198d6987f45cd564343f7bf03e2c2a88dbf4bb,"1531 Anderson Freeway Suite 759, Valenzuelaview, WI 39297",951.18,Professional feline enthusiast
28,Lisa,White,adrake@gmail.com,pbkdf2:sha256:600000$Z6iwy2LjqxfiajYA$0e7ec698fea64ff4135fec5dcfd6683cfbd2ad7c2cb1ef1c39dba8ef64c14e4f,"05431 Katherine Street, Port Michael, MS 85622",130.10,Professional feline enthusiast
29,Daniel,Cortez,vmoody@yahoo.com,pbkdf2:sha256:600000$DSRAaiMbINK9a4SB$8e496fb7cbf3ec3dc5441134abd04eefb422c9d3f1fc14a0c477bb0e3dfd5342,"0374 Patterson Streets Apt. 273, New Shelley, ID 10715",257.88,Dedicated to finding the perfect cat for every occasion
30,Jonathan,Matthews,warnervirginia@hotmail.com,pbkdf2:sha256:600000$5TGEGteK6joGM3Na$3efd1c2868b42272a63fb3e5ffa9106b06048b233d9df4d75eef3e840323994e,"93551 Nicholas Crossroad, Ashleyhaven, IL 80092",145.27,"Part-time cat whisperer, full-time cat admirer"
31,Laura,Morrison,websterrandy@gmail.com,pbkdf2:sha256:600000$v4mQvxEfIANVkbbX$1aef5a6aa92d15a2e3d4ecbbf6d5ec314ca0be3bd80bfdf08261824974c3b0f6,"6915 Timothy Park, Johnton, MI 43960",271.31,Above average cat enjoyer
32,Kristina,MD,ishepherd@yahoo.com,pbkdf2:sha256:600000$1oZT7XYYjCHrZY7T$79c78ee637457e1a3450c48678e1809527e277e4f8762f326e49fb138900373e,"7095 Robert Burg, Melissashire, AS 21036",136.35,I love Chat-GPT but I like cats more
33,Nicole,Boyer,collinssean@gmail.com,pbkdf2:sha256:600000$zt9cKoYx8ZOBEefe$6d1d99a9a05216e30cd7641d9944951cd95974f8c5e9bd980305699760cb5235,"89653 Carter Estates Apt. 431, Jillberg, ME 34011",406.96,Professional feline enthusiast
34,Alyssa,Farley,katiechapman@gmail.com,pbkdf2:sha256:600000$HSudm9eBQFHd7J7n$fe3d415847ab74c4ae920e44663f51f14a4139120e2ffe1e9d019c97068f18d3,"071 Deborah Ranch, East Travis, TN 26620",198.87,"Part-time cat whisperer, full-time cat admirer"
35,Willie,Miller,hoodcarla@yahoo.com,pbkdf2:sha256:600000$ozD7dQFZclohx1TB$29845784ab7902ad5528d3d77438ae59cc4bf74c06688caa62fe66e5e4d2d8af,"740 Hannah Motorway Apt. 001, South Patrick, HI 96708",17.20,"Part-time cat whisperer, full-time cat admirer"
36,Ashley,Glenn,ashleylewis@gmail.com,pbkdf2:sha256:600000$dU4C3yfFtEKr8rQl$7df216c5d17dd4f99fa9b80330de18b01bb8107d14ca71577b5d5ec4d896178c,"4229 Hill Light Apt. 972, Floydchester, WV 51245",658.49,I love Chat-GPT but I like cats more
37,Jessica,Dean,amyscott@yahoo.com,pbkdf2:sha256:600000$vZr0pelQaNOfz17W$e62e3833fbf82acbe79d5b8c709ffda34081e6c2c8bb7729c96fada5da2023d6,"794 Hensley Trail, Port Johnview, ID 44701",126.20,I love Chat-GPT but I like cats more
38,Debra,Watson,nicholsgail@yahoo.com,pbkdf2:sha256:600000$MmmAgRMVmHZJ2vmJ$b8844a67828d685ec266c1f8d716fd79f0cc1b569dc40db6da515ee152883b7f,"118 Craig Knoll Apt. 214, Gordonport, IA 71147",270.85,I love Chat-GPT but I like cats more
39,Rebecca,Howard,carlosrodriguez@yahoo.com,pbkdf2:sha256:600000$ArhxiuKuuI2UoqYR$297661a619bbe095b3a2e7ce9fa02d8d0aa125fcd983d6edb915443f5633b32a,"9480 Richard Streets, Millsbury, FM 32665",699.41,I love Chat-GPT but I like cats more
40,Ashley,Wilson,curtismcgee@hotmail.com,pbkdf2:sha256:600000$Pj3hcmsQPVH46iMt$c886406f0e653a624168877507c7b3595d2e39ae8209d5369615e7b9affed2f1,"974 Keith Course Apt. 064, Jeffreyshire, MH 45102",866.48,"Part-time cat whisperer, full-time cat admirer"
41,Patrick,Barrera,lhanna@hotmail.com,pbkdf2:sha256:600000$hOuD2mfw5y8H0T8B$3a350bfef1a08b88eeefb20a8269612e3563d8b94ea38a74c6e540802b15cc42,"150 Thomas Village, North Diana, OH 38751",736.49,Above average cat enjoyer
42,Heather,Davies,tylercollins@yahoo.com,pbkdf2:sha256:600000$pkNBGJNnv8LtktxZ$12ea6e98713bb99f23fe74153e62b5b6a530a053f98997c611582f812b634259,"798 John Streets Apt. 312, North Carolineland, OR 95728",894.25,Professional feline enthusiast
43,Jerry,Smith,sydney84@yahoo.com,pbkdf2:sha256:600000$NNGTprrnOxNoCSqR$e7e877b80305cd4ac3093fe154f12abb26865b43d1f7ac54b243104e01a8664a,"1650 Maureen Stravenue Suite 918, New Emily, AL 02898",740.33,I love Chat-GPT but I like cats more
44,Julie,Black,colleen32@hotmail.com,pbkdf2:sha256:600000$bhsbr79APpwBO6jg$e2120d57a53d9dfe7bfe86e04f95cf7628f5a52f15fc0cedc9c565b690505272,"12804 Burch Isle Suite 065, West Nicole, AZ 71357",3.37,Professional feline enthusiast
45,Devin,Oliver,jameslaura@hotmail.com,pbkdf2:sha256:600000$XI0ZPXh1A2RZySDy$0fd1db140dd4784f837863399c0d87a50980420b6458cf8a3c70b01d98abc152,"07432 Garcia Trafficway Suite 804, East Brianview, NE 69256",145.47,"Part-time cat whisperer, full-time cat admirer"
46,Gavin,Silva,laurenallen@yahoo.com,pbkdf2:sha256:600000$4UfmK6gmzNPeJ5x9$40cccb11c0944d5a22bbd4994bed9bcdd0b87af9e110114003e84a6110829f68,"4205 Sweeney Street, Conniebury, MO 01218",41.06,Dedicated to finding the perfect cat for every occasion
47,Pamela,Arroyo,ricksmith@yahoo.com,pbkdf2:sha256:600000$ilyfu4G1Jk7Ta0hH$e471908aadee2d269ea7aeb1c4f7efa6b676aa7b68a03d249ae7e2af0f6e0f77,"90555 Valerie Springs, Michaelchester, ID 47804",949.58,I love Chat-GPT but I like cats more
48,Daniel,Warren,lbaker@yahoo.com,pbkdf2:sha256:600000$WBMLeCM9OjiIPgfo$7387174bd721678d867deaec5b9e1d4d1304a07dbd96fa6baa09e40e13393ef1,"42571 Hogan Grove Suite 263, East Brandi, PA 56456",174.41,Dedicated to finding the perfect cat for every occasion
49,Holly,Johnson,zmcgrath@gmail.com,pbkdf2:sha256:600000$UyEob7bsDmnS2vqo$91e765da1747547199fdf9649abd9b4b6cac57023b1969e1ad6652bc91e17333,"89729 Perez Crossroad Suite 075, Linhaven, WV 29211",664.16,Cat collector extraordinaire
50,Allen,Dominguez,anthonygreene@hotmail.com,pbkdf2:sha256:600000$mGdbkqtROFIGGtlc$c70a6c51c7b6ab1dc238dba6aed10003442f0f266de7527fc6f4acf5eb1aa3c1,"47469 Laura Mountain Apt. 277, Lake Rebeccachester, ID 69529",231.44,I love Chat-GPT but I like cats more
51,Jeffery,Parker,matthew98@hotmail.com,pbkdf2:sha256:600000$JUv7ZfHQgd9z2ECU$3ddc6ff216c5b865bc0a6c18981f244d8264d8ef208fb8bee379866e89c5fe5c,"800 Chandler Rest, Nortonshire, AS 30502",637.34,Dedicated to finding the perfect cat for every occasion
52,Tiffany,Miller,jasonday@yahoo.com,pbkdf2:sha256:600000$M1rRV4sy45scEt5C$b75af413ea77287c208439031164f36cb03993ebfcef3dd9ae6358f50993cdbd,"53691 Clark Course, Lake Kariberg, KY 31387",675.28,Professional feline enthusiast
53,Sarah,Graham,bakerdanielle@gmail.com,pbkdf2:sha256:600000$7b38btVYppegQJ7a$b39752e5c38ba714daad3dae5835f649c58d2edf886b82fe7257545ae6e31e1c,"413 Mccormick Circles, South Timothymouth, IN 17599",100.38,Cat collector extraordinaire
54,Michelle,Brown,carriecollier@yahoo.com,pbkdf2:sha256:600000$bVdE6X22c8PdL16g$8380607b75cb131b86736d42d4ecb85c64a18b7dd388fa0dcde5439062a3a181,"29871 Charlotte Key Suite 047, South Jeffrey, OR 41776",272.16,"Part-time cat whisperer, full-time cat admirer"
55,Amanda,Pennington,browndesiree@hotmail.com,pbkdf2:sha256:600000$kxnb4VW8KMrHv1d4$e9a12bda974aa89fa17c00e0f5f62a132981018415bf740b10a19e7c535a8bf7,"819 Jason Prairie, Claytonville, CT 24182",588.63,Dedicated to finding the perfect cat for every occasion
56,Kristen,Hall,charlotte38@gmail.com,pbkdf2:sha256:600000$lLwTqfkUV55UQpcG$cd4387b342d40cdb72d66fe91921ebc4c11fa7a8363905cf7c5055f173039390,"Unit 6279 Box 2046, DPO AP 63390",217.87,"Part-time cat whisperer, full-time cat admirer"
57,Robert,Rivera,kevin13@yahoo.com,pbkdf2:sha256:600000$HFyVsbpr1gdQ2KUL$9dc7072e84071fb55e408e3e9152101ebd146806bc5e3dc3e0ab7a63281ce7a5,"7348 Long Circles, Gonzalesville, GA 84224",392.47,Professional feline enthusiast
58,Roberta,Baker,ronald84@yahoo.com,pbkdf2:sha256:600000$C9up02zQI1wiBFC9$01f9bb0b6e694d9442193468fadd0ddfbae62ec8a99a1858305dd0c3345d97c1,"93320 Scott Hollow Apt. 679, North Gary, VI 01710",375.57,"Part-time cat whisperer, full-time cat admirer"
59,William,Edwards,floresemily@yahoo.com,pbkdf2:sha256:600000$W7Xi7oXaYU4U4yys$006b79ff7f63e6c8976659a8bc3d28847dc8347b339701da820e1fa2c25a5748,"70754 Strong Camp, Port Ethan, WA 93954",908.48,Above average cat enjoyer
60,Tiffany,Riley,jennifer54@hotmail.com,pbkdf2:sha256:600000$MlE06KvCp3DK5nhM$bb7ce064506bfa216341cf14778500f8baffc54e3a742842b51118f8984d5f42,"619 Stevens Cliffs, Lake Stanleyberg, MS 96818",516.91,Professional feline enthusiast
61,Kristina,Johnson,brian54@yahoo.com,pbkdf2:sha256:600000$pHISazukRumLiuIG$0d780735bf0c361e1bc67c33dc7983476c584fce30eab48dcd4bbcaab5381a32,"74006 Pierce Branch Apt. 156, Port Kathy, WI 53136",715.71,Cat collector extraordinaire
62,Nathaniel,Murphy,osanders@gmail.com,pbkdf2:sha256:600000$xRNtGHV9WustPvje$10737471b5b1476b9ebd39e65c87e7b0ba9d7ace1700523b509744395e47aafe,"093 Tucker Creek Suite 175, New Bonnie, WY 13756",144.18,Dedicated to finding the perfect cat for every occasion
63,Scott,Collins,knighttamara@yahoo.com,pbkdf2:sha256:600000$DLuLIqCxvmKYK1rN$7e5030f4e5e93172654a3b36a7909209f2354472c7ee9920b9740a969324460f,"602 Werner Plain Suite 690, Jonesport, VA 61698",896.15,"Part-time cat whisperer, full-time cat admirer"
64,Manuel,Pearson,edrake@yahoo.com,pbkdf2:sha256:600000$4R5uUWez3XdfXYFU$9a39417912d181164550cadd1a1f6deccb772d7eddc17b56f9555086fe2e3a32,"4600 John Trail Apt. 067, North Joseph, AK 23284",195.08,Professional feline enthusiast
65,Austin,King,stephaniemorales@yahoo.com,pbkdf2:sha256:600000$Ctdh5r4uDg936Azk$60b855302b1f643a2d8fc2b9b72c197cf7f259f714a07b5a3d6eedec8e7edd21,"82155 Melanie Springs Apt. 884, East Jacob, CA 13765",739.06,Dedicated to finding the perfect cat for every occasion
66,Jay,King,mitchellsteven@gmail.com,pbkdf2:sha256:600000$f50nnJoRjZasxX4j$eb3e08b14ee23af7d9db8e620244bfde656fdf163f512409b1ed7d1711262f3f,"912 Mitchell Turnpike Suite 501, Carterstad, KY 01429",440.49,Dedicated to finding the perfect cat for every occasion
67,Connie,Jones,mcintyretammy@gmail.com,pbkdf2:sha256:600000$UYQQgMJkXiv073Kx$9dba83d94e3495c971df8e70e3013cab77428e6d45a33399a1d4db0dcbb4a918,"Unit 9559 Box 9061, DPO AA 51493",376.17,Above average cat enjoyer
68,Casey,Beasley,eric57@yahoo.com,pbkdf2:sha256:600000$huLCDSl4E3EWcpUz$9122a4be0dabf664723e2481bbc4a49752d9a60681eb4cf103e6fa1f145ab79c,"6272 Taylor Plains Suite 510, Lake Michael, TN 27172",344.32,Cat collector extraordinaire
69,Donna,Gilbert,michaelsmith@hotmail.com,pbkdf2:sha256:600000$u7F9fhl6cB6zyRn3$f287fc06be46d9237b78a285f837ea426b6608a4528bb996de754589f37da105,"9052 Miller Shores, Knappberg, TN 60227",735.60,Cat collector extraordinaire
70,Mr.,Jr.,cterrell@gmail.com,pbkdf2:sha256:600000$3gjo8NsiJxVUkJiA$d5cd02632a3a8dd13aacb8a31c2d98db40189f8312dfec9f064830ae504cac25,"776 Roberson Terrace, Morganside, SD 83462",549.58,I love Chat-GPT but I like cats more
71,Laura,Pearson,samueldorsey@gmail.com,pbkdf2:sha256:600000$H3qUho8ithIcvwqH$3fe82023c7dc79aba2e8edad095bbf36025bdc80d395990bf1b014f680e91586,"95626 Dyer Greens, Howardstad, MH 52814",712.45,"Part-time cat whisperer, full-time cat admirer"
72,Peter,Powers,harrisjoe@hotmail.com,pbkdf2:sha256:600000$MxGmGY3V3ciYnxzn$33a9cc53216181ee77aead4cab11197f2b6368dc990d30fba8c75a9eeedd8371,"Unit 5423 Box 8702, DPO AA 84541",151.95,Above average cat enjoyer
73,Sarah,Hardy,ybrown@yahoo.com,pbkdf2:sha256:600000$nxBV6kQr66d8tYva$a74ed62869031d83e7e4d47f22ecfd693d5f0bc96fb0626f5e766dc35aebfc06,"5711 Banks Hill Suite 571, Erikachester, ND 04817",305.39,Cat collector extraordinaire
74,Mark,Gomez,williamsmith@hotmail.com,pbkdf2:sha256:600000$VTRsEsPO3uvjPnta$21e5d20fc09ebff5615b9a951f9929ae723f7114d6359c26f77bf29803fe2696,"7498 Kelly Gateway Apt. 733, Lisaborough, PW 75402",516.25,"Part-time cat whisperer, full-time cat admirer"
75,Richard,Lee,obennett@hotmail.com,pbkdf2:sha256:600000$Zx4UVi1u1b7w7jPP$90635476c6f7eb79ff112b8bb8c3985c7446e5f6107740a50486a9f02b4869ad,"565 Amanda Trail, New Thomas, PR 77352",988.60,Professional feline enthusiast
76,Robert,Ferguson,mjohnson@hotmail.com,pbkdf2:sha256:600000$W1Omu1bsusHAczjL$504e11712f31cbea752b139a8fa769688a07ce2d122a9654b43fdfe75c95ed90,"698 Daniel Common Suite 684, South Steven, SC 84883",468.71,Cat collector extraordinaire
77,John,Spence,stevemartinez@hotmail.com,pbkdf2:sha256:600000$qEmtWFGwpz74ibP1$5637fa4973bcd4f3d0281f1caa89ccf0d2243573a28d0e0f8de37bfc50229467,"3167 Tammy Rapids Suite 405, Wilsonside, VA 39690",989.81,Above average cat enjoyer
78,Jacqueline,Stout,mwilliams@gmail.com,pbkdf2:sha256:600000$QNABxks8bziDHeqM$9c4c5fed6abccb2d6dc9f4642fb27f7ba20fdf524c706b3aa36def8b46b51de5,"28311 Lopez Brooks, South Ethan, MT 44462",535.31,Above average cat enjoyer
79,Amy,Rodriguez,joshua27@gmail.com,pbkdf2:sha256:600000$q0QWw3AUcPRuddcK$2a17d07df3a13660d3077096534bc1800639531c5973cbc194eb678470f37b5a,"USNS Allen, FPO AP 81838",506.72,Cat collector extraordinaire
80,Antonio,White,nsimmons@gmail.com,pbkdf2:sha256:600000$ebsLiGxydMRyY1B4$bb59ea60c375ec96005969535fd8d582f98a623653bbebe18f9c6cdde017a66a,"977 Heather Mission, West Johnbury, MP 98995",749.42,Professional feline enthusiast
81,Jonathan,Mullins,ohayes@hotmail.com,pbkdf2:sha256:600000$f9Utto2cvHYD7PZk$fd74fa4649f128b307b99f56468da8bad590cdb0aabc494d1bf7e2a413a1e1c8,"159 Charles Green, Whiteheadborough, DC 14729",32.28,Professional feline enthusiast
82,Margaret,Collins,knewman@hotmail.com,pbkdf2:sha256:600000$5WEXQnPDOZzC8QVE$7c356df4242b0d5b67e1fd23ff62d20b1e0e55b6f5a513664e94f66d0d86f882,"PSC 2658, Box 8335, APO AE 81502",240.71,"Part-time cat whisperer, full-time cat admirer"
83,Timothy,Hampton,seanlawrence@yahoo.com,pbkdf2:sha256:600000$gI50NBg3CGUCbqjL$74e40a7b4a6c086fc7d2970337f65ee35a83af4bde74d195f20353e45fbe156f,"1090 Henson Causeway Apt. 104, Jessicaland, GU 10999",377.98,Above average cat enjoyer
84,Lisa,Buchanan,meganhernandez@gmail.com,pbkdf2:sha256:600000$mGSU1I5idjAbeWZW$269a946ef190667e6a68be12446f348d3733067bf46699112c115b5880d638da,"00927 Martha Villages Suite 468, New Thomasview, KS 04899",887.53,"Part-time cat whisperer, full-time cat admirer"
85,William,Norton,gsweeney@hotmail.com,pbkdf2:sha256:600000$PXtVHExi7lcokV9Z$6d34cfaf286c5c082034f85daeb62b69d21ebf5258b88b7ab690999e492eb5e7,"100 Erin Squares Apt. 865, North Timothyfort, NH 08322",212.62,Professional feline enthusiast
86,Joshua,Glenn,abryant@gmail.com,pbkdf2:sha256:600000$VTeTllXr6fmqORH7$5d90fbf5df25f7647b03e2139e94f0b818e39e7417f006485f2ac6ce6d71429c,"715 Harper Street Suite 038, Joseland, NH 15353",218.49,Above average cat enjoyer
87,Seth,Torres,noblebrenda@gmail.com,pbkdf2:sha256:600000$4T8cz0SfU3PkdrC0$74617c272ec1c23db0ff796344f4a394d071e1664b663505f4e9475adbd64540,"299 Dorsey Extensions, New Tom, AZ 86513",191.46,Above average cat enjoyer
88,Eric,Spencer,williamfarmer@yahoo.com,pbkdf2:sha256:600000$GkOqwJFGwheUuWNG$d659636d787c2b46e165876981eb915a0d67880fb092661e1da64e9d5e902552,"Unit 5472 Box 6676, DPO AP 28154",513.20,"Part-time cat whisperer, full-time cat admirer"
89,Kelly,Williams,karen32@hotmail.com,pbkdf2:sha256:600000$Pm20MZWvQw0zoMFv$cb320ad93b42b3f1af89d134e2df2ccb40c767152cd956d73846b8cd84665e3b,"7829 Jill Haven Suite 912, Tracibury, SD 66074",195.31,"Part-time cat whisperer, full-time cat admirer"
90,Jason,Armstrong,irwinwyatt@gmail.com,pbkdf2:sha256:600000$EncZ6HnS5gzb6xV9$e3c7be6fc713b637b33b73e6e2867c05ca0cdff54337afb0e5bf3ba9e499f3db,"67737 Park Forks Apt. 876, Leslieville, WI 20234",519.79,"Part-time cat whisperer, full-time cat admirer"
91,Catherine,Stevens,brianna61@hotmail.com,pbkdf2:sha256:600000$KjCyCNBAfJX9YBhz$56c05296387d689f39f1c80acd214bbcbdd57b29bdebf8234de2df6d68226790,"953 Christian Cove, Ronaldport, MP 42703",431.64,Cat collector extraordinaire
92,Willie,Nelson,madelinetaylor@yahoo.com,pbkdf2:sha256:600000$IEAwSKvTKINDnFwB$c5c7b1ee4d352109b8f78d77a191ddb937c328e16383761bf5be929f84913e3d,"46554 Rivera Valleys, Lake Melissa, WY 99836",864.73,Dedicated to finding the perfect cat for every occasion
93,Benjamin,Anderson,cheryl23@gmail.com,pbkdf2:sha256:600000$sjkYX85XbzqrYvoC$9eb1630dc0d5808e4cd12249f036ca48b2907db75a86294018a9a18d54c46dc6,"822 Joy Court Apt. 391, Lake Blakebury, FL 28978",672.65,Cat collector extraordinaire
94,Thomas,Miller,perrytyler@hotmail.com,pbkdf2:sha256:600000$pndvidugAL6K6RDU$9f60d288e281971fde19b2e9a533cd775b77ed8ae0e77ebc8874281ed9b6a2b0,"10723 Duncan Corner, Lindaview, MA 56278",640.05,"Part-time cat whisperer, full-time cat admirer"
95,Jenna,Smith,dphillips@hotmail.com,pbkdf2:sha256:600000$9Va9u8MkFCFWFDHl$71d9f339f86375c3a3c0a814bfb69a9649d0068736cbe89b892579f46d60467f,"30352 Buchanan Bypass Suite 685, East Kelly, DC 08252",788.68,Dedicated to finding the perfect cat for every occasion
96,Carl,Jones,gleach@gmail.com,pbkdf2:sha256:600000$3pH2bNrlaMxn6fZc$75839ab3b0e62476d9aa40d71a55cf48301b403679f8db7374e709ba7820a34a,"09043 Jordan Mission Suite 349, Mcculloughport, NV 29230",345.37,Professional feline enthusiast
97,James,Martinez,treynolds@yahoo.com,pbkdf2:sha256:600000$ihMcY4NYtJG9xnGf$327dcd71d4d746d2a2c19652155484b29743e75cc92307c0329492dd6c74b222,"Unit 4692 Box 2012, DPO AE 42116",702.06,Above average cat enjoyer
98,Russell,Davila,btorres@hotmail.com,pbkdf2:sha256:600000$DfWwkXSbRjjn1DKs$cf491fa057d7b72970c6f065515c9ce2d131927981511d6be0b39fdda6820a68,"09841 Harmon Lake Suite 596, West Sheri, AL 08187",974.72,Cat collector extraordinaire
99,Melody,Sosa,igarrett@yahoo.com,pbkdf2:sha256:600000$C5lF2nNVLsTepxcu$738203b670b1b678629ec9bd5ad3894b9991b4dad0cc26c871e472f0eacd90e5,"USS Smith, FPO AA 44205",215.24,I love Chat-GPT but I like cats more
100,Joanne,Brown,christopher89@hotmail.com,pbkdf2:sha256:600000$KH7kTTvPGBoFNQ1U$6e4b6f1aa02656c5dc4522c9d43166fbe7412a7e4083e3c1f12e28693c17c9b4,"763 Hill Groves, Greggborough, CT 38700",212.04,Above average cat enjoyer
